company,image_urls,last_date,location,source,title
"<a id=""company_sub_link"" href=""/company/public-sector-company_12754"" target=""_blank"">Public Sector Company</a>",,,"<a href=""/job/city/Karachi"">Karachi</a>",,"<a href=""/jobs/contract-procurement-specialistjobs-in-public-sector-company_396353"" target=""_blank"">Contract &amp; Procurement Specialist</a>"
"<a id=""company_sub_link"" href=""/company/public-sector-company_12754"" target=""_blank"">Public Sector Company</a>",,,"<a href=""/job/city/Karachi"">Karachi</a>",,"<a href=""/jobs/deputy-managerjobs-in-public-sector-company_396354"" target=""_blank"">Deputy Manager</a>"
"<a id=""company_sub_link"" href=""/company/capital-development-authority_15065"" target=""_blank"">Capital Development Authority</a>",,,"<a href=""/job/city/Islamabad"">Islamabad</a>",,"<a href=""/jobs/building-inspectorjobs-in-capital-development-authority_396244"" target=""_blank"">Building Inspector</a>"
"<a id=""company_sub_link"" href=""/company/capital-development-authority_15065"" target=""_blank"">Capital Development Authority</a>",,,"<a href=""/job/city/Islamabad"">Islamabad</a>",,"<a href=""/jobs/surveyorjobs-in-capital-development-authority_396245"" target=""_blank"">Surveyor</a>"
"<a id=""company_sub_link"" href=""/company/sui-southern-gas-company-limited_3241"" target=""_blank"">Sui Southern Gas Company Limited</a>",,,"<a href=""/job/city/Karachi"">Karachi</a>",,"<a href=""/jobs/corrosion-control-supervisorjobs-in-sui-southern-gas-company-limited_396241"" target=""_blank"">Corrosion Control Supervisor</a>"
"<a id=""company_sub_link"" href=""/company/sui-southern-gas-company-limited_3241"" target=""_blank"">Sui Southern Gas Company Limited</a>",,,"<a href=""/job/city/Karachi"">Karachi</a>",,"<a href=""/jobs/corrosion-control-supervisorjobs-in-sui-southern-gas-company-limited_396242"" target=""_blank"">Corrosion Control Supervisor</a>"
"<a id=""company_sub_link"" href=""/company/sindh-institute-of-urology-transplantation_20908"" target=""_blank"">Sindh Institute Of Urology &amp; Transplantation</a>",,,"<a href=""/job/city/Karachi"">Karachi</a>",,"<a href=""/jobs/senior-nursing-instructorjobs-in-sindh-institute-of-urology-transplantation_396404"" target=""_blank"">Senior Nursing Instructor</a>"
"<a id=""company_sub_link"" href=""/company/pakistan-based-company_2237"" target=""_blank"">Pakistan Based Company</a>",,,"<a href=""/job/city/Karachi"">Karachi</a>",,"<a href=""/jobs/managerjobs-in-pakistan-based-company_396375"" target=""_blank"">Manager</a>"
"<a id=""company_sub_link"" href=""/company/aror-university-of-art-architecture-design-heritage_33207"" target=""_blank"">Aror University Of Art Architecture Design &amp; Heritage</a>",,,"<a href=""/job/city/Sukkur"">Sukkur</a>",,"<a href=""/jobs/office-assistantjobs-in-aror-university-of-art-architecture-design-heritage_396246"" target=""_blank"">Office Assistant</a>"
"<a id=""company_sub_link"" href=""/company/aror-university-of-art-architecture-design-heritage_33207"" target=""_blank"">Aror University Of Art Architecture Design &amp; Heritage</a>",,,"<a href=""/job/city/Sukkur"">Sukkur</a>",,"<a href=""/jobs/plumberjobs-in-aror-university-of-art-architecture-design-heritage_396247"" target=""_blank"">Plumber</a>"
"<a id=""company_sub_link"" href=""/company/aror-university-of-art-architecture-design-heritage_33207"" target=""_blank"">Aror University Of Art Architecture Design &amp; Heritage</a>",,,"<a href=""/job/city/Sukkur"">Sukkur</a>",,"<a href=""/jobs/gardenerjobs-in-aror-university-of-art-architecture-design-heritage_396248"" target=""_blank"">Gardener</a>"
"<a id=""company_sub_link"" href=""/company/public-sector-company_12754"" target=""_blank"">Public Sector Company</a>",,,"<a href=""/job/city/Karachi"">Karachi</a>",,"<a href=""/jobs/assistant-managerjobs-in-public-sector-company_396249"" target=""_blank"">Assistant Manager</a>"
"<a id=""company_sub_link"" href=""/company/public-sector-company_12754"" target=""_blank"">Public Sector Company</a>",,,"<a href=""/job/city/Karachi"">Karachi</a>",,"<a href=""/jobs/hr-admin-officerjobs-in-public-sector-company_396250"" target=""_blank"">Hr &amp; Admin Officer</a>"
"<a id=""company_sub_link"" href=""/company/shaheed-zulfiqar-ali-bhutto-university-of-law_10882"" target=""_blank"">Shaheed Zulfiqar Ali Bhutto University Of Law</a>",,,"<a href=""/job/city/Karachi"">Karachi</a>",,"<a href=""/jobs/professorjobs-in-shaheed-zulfiqar-ali-bhutto-university-of-law_396254"" target=""_blank"">Professor</a>"
"<a id=""company_sub_link"" href=""/company/shaheed-zulfiqar-ali-bhutto-university-of-law_10882"" target=""_blank"">Shaheed Zulfiqar Ali Bhutto University Of Law</a>",,,"<a href=""/job/city/Karachi"">Karachi</a>",,"<a href=""/jobs/associate-professorjobs-in-shaheed-zulfiqar-ali-bhutto-university-of-law_396255"" target=""_blank"">Associate Professor</a>"
"<a id=""company_sub_link"" href=""/company/human-resource-solutions-international_29130"" target=""_blank"">Human Resource Solutions International</a>",,,"<a href=""/job/city/Karachi"">Karachi</a>",,"<a href=""/jobs/deputy-manager-legaljobs-in-human-resource-solutions-international_396253"" target=""_blank"">Deputy Manager Legal</a>"
"<a id=""company_sub_link"" href=""/company/office-of-the-deputy-commissioner_14414"" target=""_blank"">Office Of The Deputy Commissioner</a>",,,"<a href=""/job/city/Kamber"">Kamber</a>",,"<a href=""/jobs/staffjobs-in-office-of-the-deputy-commissioner_396243"" target=""_blank"">Staff</a>"
"<a id=""company_sub_link"" href=""/company/sui-southern-gas-company-limited_3241"" target=""_blank"">Sui Southern Gas Company Limited</a>",,,"<a href=""/job/city/Karachi"">Karachi</a>",,"<a href=""/jobs/prosecutorjobs-in-sui-southern-gas-company-limited_396292"" target=""_blank"">Prosecutor</a>"
"<a id=""company_sub_link"" href=""/company/sui-southern-gas-company-limited_3241"" target=""_blank"">Sui Southern Gas Company Limited</a>",,,"<a href=""/job/city/Karachi"">Karachi</a>",,"<a href=""/jobs/manager-financejobs-in-sui-southern-gas-company-limited_396293"" target=""_blank"">Manager Finance</a>"
"<a id=""company_sub_link"" href=""/company/united-bank-limited_12466"" target=""_blank"">United Bank Limited</a>",,,"<a href=""/job/city/Karachi"">Karachi</a>",,"<a href=""/jobs/senior-financial-consultantjobs-in-united-bank-limited_396322"" target=""_blank"">Senior Financial Consultant</a>"
"<a id=""company_sub_link"" href=""/company/first-women-bank-limited_1"" target=""_blank"">First Women Bank Limited</a>",,,"<a href=""/job/city/Karachi"">Karachi</a>",,"<a href=""/jobs/head-information-technologyjobs-in-first-women-bank-limited_396251"" target=""_blank"">Head Information Technology</a>"
"<a id=""company_sub_link"" href=""/company/first-women-bank-limited_1"" target=""_blank"">First Women Bank Limited</a>",,,"<a href=""/job/city/Karachi"">Karachi</a>",,"<a href=""/jobs/head-treasuryjobs-in-first-women-bank-limited_396252"" target=""_blank"">Head Treasury</a>"
"<a id=""company_sub_link"" href=""/company/the-bank-of-khyber_16140"" target=""_blank"">The Bank Of Khyber</a>",,,"<a href=""/job/city/Peshawar"">Peshawar</a>",,"<a href=""/jobs/batch-trainee-officerjobs-in-the-bank-of-khyber_396240"" target=""_blank"">Batch Trainee Officer</a>"
"<a id=""company_sub_link"" href=""/company/link-arabia-overseas-employment-manpower-provider-company_29308"" target=""_blank"">Link Arabia Overseas Employment &amp; Manpower Provider Company</a>",,,"<a href=""/job/city/Islamabad"">Islamabad</a>",,"<a href=""/jobs/room-attendantjobs-in-link-arabia-overseas-employment-manpower-provider-company_396198"" target=""_blank"">Room Attendant</a>"
"<a id=""company_sub_link"" href=""/company/fisheries-development-board_13830"" target=""_blank"">Fisheries Development Board</a>",,,"<a href=""/job/city/Islamabad"">Islamabad</a>",,"<a href=""/jobs/chief-executive-officerjobs-in-fisheries-development-board_396221"" target=""_blank"">Chief Executive Officer</a>"
"<a id=""company_sub_link"" href=""/company/fisheries-development-board_13830"" target=""_blank"">Fisheries Development Board</a>",,,"<a href=""/job/city/Islamabad"">Islamabad</a>",,"<a href=""/jobs/chief-executive-officerjobs-in-fisheries-development-board_396222"" target=""_blank"">Chief Executive Officer</a>"
"<a id=""company_sub_link"" href=""/company/fisheries-development-board_13830"" target=""_blank"">Fisheries Development Board</a>",,,"<a href=""/job/city/Islamabad"">Islamabad</a>",,"<a href=""/jobs/chief-executive-officerjobs-in-fisheries-development-board_396223"" target=""_blank"">Chief Executive Officer</a>"
"<a id=""company_sub_link"" href=""/company/the-friends-overseas-services_14765"" target=""_blank"">The Friends Overseas Services</a>",,,"<a href=""/job/city/Rawalpindi"">Rawalpindi</a>",,"<a href=""/jobs/qc-civil-engineerjobs-in-the-friends-overseas-services_396200"" target=""_blank"">Qc Civil Engineer</a>"
"<a id=""company_sub_link"" href=""/company/pakistan-based-company_2237"" target=""_blank"">Pakistan Based Company</a>",,,"<a href=""/job/city/Rahim-yar-khan"">Rahim Yar Khan</a>",,"<a href=""/jobs/munshijobs-in-pakistan-based-company_396224"" target=""_blank"">Munshi</a>"
"<a id=""company_sub_link"" href=""/company/punjab-grammar-school_18751"" target=""_blank"">Punjab Grammar School</a>",,,"<a href=""/job/city/Faisalabad"">Faisalabad</a>",,"<a href=""/jobs/teacherjobs-in-punjab-grammar-school_396227"" target=""_blank"">Teacher</a>"
"<a id=""company_sub_link"" href=""/company/al-ahdaf-recruitment-overseas-employment-promoters_20774"" target=""_blank"">Al Ahdaf Recruitment Overseas Employment Promoters</a>",,,"<a href=""/job/city/Rawalpindi"">Rawalpindi</a>",,"<a href=""/jobs/steel-fixerjobs-in-al-ahdaf-recruitment-overseas-employment-promoters_396215"" target=""_blank"">Steel Fixer</a>"
"<a id=""company_sub_link"" href=""/company/fisheries-development-board_13830"" target=""_blank"">Fisheries Development Board</a>",,,"<a href=""/job/city/Islamabad"">Islamabad</a>",,"<a href=""/jobs/assistant-directorjobs-in-fisheries-development-board_396225"" target=""_blank"">Assistant Director</a>"
"<a id=""company_sub_link"" href=""/company/national-rural-support-programme_9"" target=""_blank"">National Rural Support Programme</a>",,,"<a href=""/job/city/Faisalabad"">Faisalabad</a>",,"<a href=""/jobs/application-developmentjobs-in-national-rural-support-programme_396194"" target=""_blank"">Application Development</a>"
"<a id=""company_sub_link"" href=""/company/national-rural-support-programme_9"" target=""_blank"">National Rural Support Programme</a>",,,"<a href=""/job/city/Faisalabad"">Faisalabad</a>",,"<a href=""/jobs/database-administratorjobs-in-national-rural-support-programme_396195"" target=""_blank"">Database Administrator</a>"
"<a id=""company_sub_link"" href=""/company/national-rural-support-programme_9"" target=""_blank"">National Rural Support Programme</a>",,,"<a href=""/job/city/Faisalabad"">Faisalabad</a>",,"<a href=""/jobs/application-developmentjobs-in-national-rural-support-programme_396196"" target=""_blank"">Application Development</a>"
"<a id=""company_sub_link"" href=""/company/national-rural-support-programme_9"" target=""_blank"">National Rural Support Programme</a>",,,"<a href=""/job/city/Faisalabad"">Faisalabad</a>",,"<a href=""/jobs/database-administratorjobs-in-national-rural-support-programme_396197"" target=""_blank"">Database Administrator</a>"
"<a id=""company_sub_link"" href=""/company/military-engineer-services_3046"" target=""_blank"">Military Engineer Services</a>",,,"<a href=""/job/city/Islamabad"">Islamabad</a>",,"<a href=""/jobs/rte-staffjobs-in-military-engineer-services_396190"" target=""_blank"">Rte Staff</a>"
"<a id=""company_sub_link"" href=""/company/pakistan-army_15145"" target=""_blank"">Pakistan Army</a>",,,"<a href=""/job/city/Lahore"">Lahore</a>",,"<a href=""/jobs/commissioned-officerjobs-in-pakistan-army_396191"" target=""_blank"">Commissioned Officer</a>"
"<a id=""company_sub_link"" href=""/company/urwa-manpower-bureau-overseas-employment-promoters_4121"" target=""_blank"">Urwa Manpower Bureau Overseas Employment Promoters</a>",,,"<a href=""/job/city/Rawalpindi"">Rawalpindi</a>",,"<a href=""/jobs/sign-installjobs-in-urwa-manpower-bureau-overseas-employment-promoters_396218"" target=""_blank"">Sign Install</a>"
"<a id=""company_sub_link"" href=""/company/al-tayyar-manpower-overseas-employment-promoters_4963"" target=""_blank"">Al Tayyar Manpower Overseas Employment Promoters</a>",,,"<a href=""/job/city/Rawalpindi"">Rawalpindi</a>",,"<a href=""/jobs/shuttering-carpenterjobs-in-al-tayyar-manpower-overseas-employment-promoters_396219"" target=""_blank"">Shuttering Carpenter</a>"
"<a id=""company_sub_link"" href=""/company/gulf-job-hunts-manpower-services_26678"" target=""_blank"">Gulf Job Hunts Manpower Services</a>",,,"<a href=""/job/city/Rawalpindi"">Rawalpindi</a>",,"<a href=""/jobs/airport-loaderjobs-in-gulf-job-hunts-manpower-services_396220"" target=""_blank"">Airport Loader</a>"
"<a id=""company_sub_link"" href=""/company/national-logistics-cell_13430"" target=""_blank"">National Logistics Cell</a>",,,"<a href=""/job/city/Rawalpindi"">Rawalpindi</a>",,"<a href=""/jobs/tralla-driverjobs-in-national-logistics-cell_396201"" target=""_blank"">Tralla Driver</a>"
"<a id=""company_sub_link"" href=""/company/luna-corporation_3284"" target=""_blank"">Luna Corporation</a>",,,"<a href=""/job/city/Lahore"">Lahore</a>",,"<a href=""/jobs/photo-copier-technicianjobs-in-luna-corporation_396226"" target=""_blank"">Photo Copier Technician</a>"
"<a id=""company_sub_link"" href=""/company/pakistan-army_15145"" target=""_blank"">Pakistan Army</a>",,,"<a href=""/job/city/Muzaffarabad"">Muzaffarabad</a>",,"<a href=""/jobs/mess-waiterjobs-in-pakistan-army_396168"" target=""_blank"">Mess Waiter</a>"
"<a id=""company_sub_link"" href=""/company/lahore-garrison-education-system_13087"" target=""_blank"">Lahore Garrison Education System</a>",,,"<a href=""/job/city/Lahore"">Lahore</a>",,"<a href=""/jobs/section-headjobs-in-lahore-garrison-education-system_396165"" target=""_blank"">Section Head</a>"
"<a id=""company_sub_link"" href=""/company/capital-development-authority_15065"" target=""_blank"">Capital Development Authority</a>",,,"<a href=""/job/city/Islamabad"">Islamabad</a>",,"<a href=""/jobs/assistant-directorjobs-in-capital-development-authority_396166"" target=""_blank"">Assistant Director</a>"
"<a id=""company_sub_link"" href=""/company/capital-development-authority_15065"" target=""_blank"">Capital Development Authority</a>",,,"<a href=""/job/city/Islamabad"">Islamabad</a>",,"<a href=""/jobs/town-plannerjobs-in-capital-development-authority_396167"" target=""_blank"">Town Planner</a>"
"<a id=""company_sub_link"" href=""/company/army-public-school_26650"" target=""_blank"">Army Public School</a>",,,"<a href=""/job/city/Rawalpindi"">Rawalpindi</a>",,"<a href=""/jobs/lab-assistantjobs-in-army-public-school_396179"" target=""_blank"">Lab Assistant</a>"
"<a id=""company_sub_link"" href=""/company/capital-development-authority_15065"" target=""_blank"">Capital Development Authority</a>",,,"<a href=""/job/city/Islamabad"">Islamabad</a>",,"<a href=""/jobs/directorjobs-in-capital-development-authority_396228"" target=""_blank"">Director</a>"
"<a id=""company_sub_link"" href=""/company/capital-development-authority_15065"" target=""_blank"">Capital Development Authority</a>",,,"<a href=""/job/city/Islamabad"">Islamabad</a>",,"<a href=""/jobs/deputy-directorjobs-in-capital-development-authority_396229"" target=""_blank"">Deputy Director</a>"
"<a id=""company_sub_link"" href=""/company/district-health-authority_14086"" target=""_blank"">District Health Authority</a>",,,"<a href=""/job/city/Pallandri"">pallandri</a>",,"<a href=""/jobs/driverjobs-in-district-health-authority_396177"" target=""_blank"">Driver</a>"
"<a id=""company_sub_link"" href=""/company/national-testing-service_5575"" target=""_blank"">National Testing Service</a>",,,"<a href=""/job/city/Islamabad"">Islamabad</a>",,"<a href=""/jobs/binderjobs-in-national-testing-service_396164"" target=""_blank"">Binder</a>"
"<a id=""company_sub_link"" href=""/company/pakistan-army_15145"" target=""_blank"">Pakistan Army</a>",,,"<a href=""/job/city/Gujranwala"">Gujranwala</a>",,"<a href=""/jobs/boat-repairjobs-in-pakistan-army_396162"" target=""_blank"">Boat Repair</a>"
"<a id=""company_sub_link"" href=""/company/agriculture-department_16130"" target=""_blank"">Agriculture Department</a>",,,"<a href=""/job/city/Lahore"">Lahore</a>",,"<a href=""/jobs/vice-chancellorjobs-in-agriculture-department_396169"" target=""_blank"">Vice Chancellor</a>"
"<a id=""company_sub_link"" href=""/company/bahria-university_15808"" target=""_blank"">Bahria University</a>",,,"<a href=""/job/city/Islamabad"">Islamabad</a>",,"<a href=""/jobs/deanjobs-in-bahria-university_396199"" target=""_blank"">Dean</a>"
"<a id=""company_sub_link"" href=""/company/defence-housing-authority_14602"" target=""_blank"">Defence Housing Authority</a>",,,"<a href=""/job/city/Multan"">Multan</a>",,"<a href=""/jobs/animals-bird-nutritionistjobs-in-defence-housing-authority_396216"" target=""_blank"">Animals &amp; Bird Nutritionist</a>"
"<a id=""company_sub_link"" href=""/company/pakistani-school-ajman_21591"" target=""_blank"">Pakistani School Ajman</a>",,,"<a href=""/job/city/Karachi"">Karachi</a>",,"<a href=""/jobs/subject-teacherjobs-in-pakistani-school-ajman_396192"" target=""_blank"">Subject Teacher</a>"
"<a id=""company_sub_link"" href=""/company/hameed-latif-hospital_12196"" target=""_blank"">Hameed Latif Hospital</a>",,,"<a href=""/job/city/Lahore"">Lahore</a>",,"<a href=""/jobs/senior-registrarjobs-in-hameed-latif-hospital_396214"" target=""_blank"">Senior Registrar</a>"
"<a id=""company_sub_link"" href=""/company/multinational-company_10361"" target=""_blank"">Multinational Company</a>",,,"<a href=""/job/city/Lahore"">Lahore</a>",,"<a href=""/jobs/quality-assurancejobs-in-multinational-company_396213"" target=""_blank"">Quality Assurance</a>"
"<a id=""company_sub_link"" href=""/company/military-engineer-services_3046"" target=""_blank"">Military Engineer Services</a>",,,"<a href=""/job/city/Islamabad"">Islamabad</a>",,"<a href=""/jobs/charge-handjobs-in-military-engineer-services_396193"" target=""_blank"">Charge Hand</a>"
"<a id=""company_sub_link"" href=""/company/pakistan-agricultural-research-council_15228"" target=""_blank"">Pakistan Agricultural Research Council</a>",,,"<a href=""/job/city/Islamabad"">Islamabad</a>",,"<a href=""/jobs/assistant-executive-engineerjobs-in-pakistan-agricultural-research-council_396212"" target=""_blank"">Assistant Executive Engineer</a>"
"<a id=""company_sub_link"" href=""/company/elite-engineering-private-limited_19731"" target=""_blank"">Elite Engineering Private Limited</a>",,,"<a href=""/job/city/Peshawar"">Peshawar</a>",,"<a href=""/jobs/project-managerjobs-in-elite-engineering-private-limited_396210"" target=""_blank"">Project Manager</a>"
"<a id=""company_sub_link"" href=""/company/fast-national-university-of-computer-emerging-sciences_6159"" target=""_blank"">Fast National University Of Computer &amp; Emerging Sciences</a>",,,"<a href=""/job/city/Karachi"">Karachi</a>",,"<a href=""/jobs/technicianjobs-in-fast-national-university-of-computer-emerging-sciences_396208"" target=""_blank"">Technician</a>"
"<a id=""company_sub_link"" href=""/company/fast-national-university-of-computer-emerging-sciences_6159"" target=""_blank"">Fast National University Of Computer &amp; Emerging Sciences</a>",,,"<a href=""/job/city/Karachi"">Karachi</a>",,"<a href=""/jobs/assistantjobs-in-fast-national-university-of-computer-emerging-sciences_396209"" target=""_blank"">Assistant</a>"
"<a id=""company_sub_link"" href=""/company/fisheries-development-board_13830"" target=""_blank"">Fisheries Development Board</a>",,,"<a href=""/job/city/Islamabad"">Islamabad</a>",,"<a href=""/jobs/assistant-directorjobs-in-fisheries-development-board_396207"" target=""_blank"">Assistant Director</a>"
"<a id=""company_sub_link"" href=""/company/lahore-garrison-education-system_13087"" target=""_blank"">Lahore Garrison Education System</a>",,,"<a href=""/job/city/Lahore"">Lahore</a>",,"<a href=""/jobs/principaljobs-in-lahore-garrison-education-system_396206"" target=""_blank"">Principal</a>"
"<a id=""company_sub_link"" href=""/company/public-sector-organization_10314"" target=""_blank"">Public Sector Organization</a>",,,"<a href=""/job/city/Islamabad"">Islamabad</a>",,"<a href=""/jobs/assistant-private-secretaryjobs-in-public-sector-organization_396203"" target=""_blank"">Assistant Private Secretary</a>"
"<a id=""company_sub_link"" href=""/company/public-sector-organization_10314"" target=""_blank"">Public Sector Organization</a>",,,"<a href=""/job/city/Islamabad"">Islamabad</a>",,"<a href=""/jobs/senior-caretakerjobs-in-public-sector-organization_396202"" target=""_blank"">Senior Caretaker</a>"
"<a id=""company_sub_link"" href=""/company/pakistan-army_15145"" target=""_blank"">Pakistan Army</a>",,,"<a href=""/job/city/Lahore"">Lahore</a>",,"<a href=""/jobs/commissioned-officerjobs-in-pakistan-army_396205"" target=""_blank"">Commissioned Officer</a>"
"<a id=""company_sub_link"" href=""/company/fisheries-development-board_13830"" target=""_blank"">Fisheries Development Board</a>",,,"<a href=""/job/city/Islamabad"">Islamabad</a>",,"<a href=""/jobs/chief-executive-officerjobs-in-fisheries-development-board_396204"" target=""_blank"">Chief Executive Officer</a>"
"<a id=""company_sub_link"" href=""/company/cmh-multan-institute-of-medical-sciences_21635"" target=""_blank"">Cmh Multan Institute Of Medical Sciences</a>",,,"<a href=""/job/city/Multan"">Multan</a>",,"<a href=""/jobs/assistant-professorjobs-in-cmh-multan-institute-of-medical-sciences_396155"" target=""_blank"">Assistant Professor</a>"
"<a id=""company_sub_link"" href=""/company/cmh-multan-institute-of-medical-sciences_21635"" target=""_blank"">Cmh Multan Institute Of Medical Sciences</a>",,,"<a href=""/job/city/Multan"">Multan</a>",,"<a href=""/jobs/demonstratorjobs-in-cmh-multan-institute-of-medical-sciences_396156"" target=""_blank"">Demonstrator</a>"
"<a id=""company_sub_link"" href=""/company/defence-housing-authority_14602"" target=""_blank"">Defence Housing Authority</a>",,,"<a href=""/job/city/Multan"">Multan</a>",,"<a href=""/jobs/deputy-directorjobs-in-defence-housing-authority_396157"" target=""_blank"">Deputy Director</a>"
"<a id=""company_sub_link"" href=""/company/lahore-garrison-education-system_13087"" target=""_blank"">Lahore Garrison Education System</a>",,,"<a href=""/job/city/Lahore"">Lahore</a>",,"<a href=""/jobs/principaljobs-in-lahore-garrison-education-system_396154"" target=""_blank"">Principal</a>"
"<a id=""company_sub_link"" href=""/company/army-public-school_26650"" target=""_blank"">Army Public School</a>",,,"<a href=""/job/city/Rawalpindi"">Rawalpindi</a>",,"<a href=""/jobs/teacherjobs-in-army-public-school_396152"" target=""_blank"">Teacher</a>"
"<a id=""company_sub_link"" href=""/company/army-public-school_26650"" target=""_blank"">Army Public School</a>",,,"<a href=""/job/city/Rawalpindi"">Rawalpindi</a>",,"<a href=""/jobs/lab-assistantjobs-in-army-public-school_396153"" target=""_blank"">Lab Assistant</a>"
"<a id=""company_sub_link"" href=""/company/al-khidmat-hospital_2583"" target=""_blank"">Al Khidmat Hospital</a>",,,"<a href=""/job/city/Peshawar"">Peshawar</a>",,"<a href=""/jobs/procurement-officerjobs-in-al-khidmat-hospital_396385"" target=""_blank"">Procurement Officer</a>"
"<a id=""company_sub_link"" href=""/company/frontier-corps-public-school_8745"" target=""_blank"">Frontier Corps Public School</a>",,,"<a href=""/job/city/Peshawar"">Peshawar</a>",,"<a href=""/jobs/naib-qasidjobs-in-frontier-corps-public-school_396387"" target=""_blank"">Naib Qasid</a>"
"<a id=""company_sub_link"" href=""/company/pakistan-railway-advisory-consultancy-services_16451"" target=""_blank"">Pakistan Railway Advisory &amp; Consultancy Services</a>",,,"<a href=""/job/city/Lahore"">Lahore</a>",,"<a href=""/jobs/financial-analysis-expertjobs-in-pakistan-railway-advisory-consultancy-services_396383"" target=""_blank"">Financial Analysis Expert</a>"
"<a id=""company_sub_link"" href=""/company/pakistan-railway-advisory-consultancy-services_16451"" target=""_blank"">Pakistan Railway Advisory &amp; Consultancy Services</a>",,,"<a href=""/job/city/Lahore"">Lahore</a>",,"<a href=""/jobs/manager-customerjobs-in-pakistan-railway-advisory-consultancy-services_396384"" target=""_blank"">Manager Customer</a>"
"<a id=""company_sub_link"" href=""/company/pakistan-railway-advisory-consultancy-services_16451"" target=""_blank"">Pakistan Railway Advisory &amp; Consultancy Services</a>",,,"<a href=""/job/city/Lahore"">Lahore</a>",,"<a href=""/jobs/legal-expertjobs-in-pakistan-railway-advisory-consultancy-services_396392"" target=""_blank"">Legal Expert</a>"
"<a id=""company_sub_link"" href=""/company/pakistan-railway-advisory-consultancy-services_16451"" target=""_blank"">Pakistan Railway Advisory &amp; Consultancy Services</a>",,,"<a href=""/job/city/Lahore"">Lahore</a>",,"<a href=""/jobs/deputy-corps-inspectionjobs-in-pakistan-railway-advisory-consultancy-services_396393"" target=""_blank"">Deputy Corps Inspection</a>"
"<a id=""company_sub_link"" href=""/company/pakistan-railway-advisory-consultancy-services_16451"" target=""_blank"">Pakistan Railway Advisory &amp; Consultancy Services</a>",,,"<a href=""/job/city/Lahore"">Lahore</a>",,"<a href=""/jobs/legal-expertjobs-in-pakistan-railway-advisory-consultancy-services_396394"" target=""_blank"">Legal Expert</a>"
"<a id=""company_sub_link"" href=""/company/pakistan-railway-advisory-consultancy-services_16451"" target=""_blank"">Pakistan Railway Advisory &amp; Consultancy Services</a>",,,"<a href=""/job/city/Lahore"">Lahore</a>",,"<a href=""/jobs/deputy-corps-inspectionjobs-in-pakistan-railway-advisory-consultancy-services_396395"" target=""_blank"">Deputy Corps Inspection</a>"
"<a id=""company_sub_link"" href=""/company/pakistan-railway-advisory-consultancy-services_16451"" target=""_blank"">Pakistan Railway Advisory &amp; Consultancy Services</a>",,,"<a href=""/job/city/Lahore"">Lahore</a>",,"<a href=""/jobs/legal-expertjobs-in-pakistan-railway-advisory-consultancy-services_396398"" target=""_blank"">Legal Expert</a>"
"<a id=""company_sub_link"" href=""/company/pakistan-railway-advisory-consultancy-services_16451"" target=""_blank"">Pakistan Railway Advisory &amp; Consultancy Services</a>",,,"<a href=""/job/city/Lahore"">Lahore</a>",,"<a href=""/jobs/deputy-corps-inspectionjobs-in-pakistan-railway-advisory-consultancy-services_396399"" target=""_blank"">Deputy Corps Inspection</a>"
"<a id=""company_sub_link"" href=""/company/muhammad-teaching-hospital_20741"" target=""_blank"">Muhammad Teaching Hospital</a>",,,"<a href=""/job/city/Peshawar"">Peshawar</a>",,"<a href=""/jobs/hospital-administratorjobs-in-muhammad-teaching-hospital_396396"" target=""_blank"">Hospital Administrator</a>"
"<a id=""company_sub_link"" href=""/company/muhammad-teaching-hospital_20741"" target=""_blank"">Muhammad Teaching Hospital</a>",,,"<a href=""/job/city/Peshawar"">Peshawar</a>",,"<a href=""/jobs/office-assistantjobs-in-muhammad-teaching-hospital_396397"" target=""_blank"">Office Assistant</a>"
"<a id=""company_sub_link"" href=""/company/muhammad-teaching-hospital_20741"" target=""_blank"">Muhammad Teaching Hospital</a>",,,"<a href=""/job/city/Peshawar"">Peshawar</a>",,"<a href=""/jobs/hospital-administratorjobs-in-muhammad-teaching-hospital_396400"" target=""_blank"">Hospital Administrator</a>"
"<a id=""company_sub_link"" href=""/company/muhammad-teaching-hospital_20741"" target=""_blank"">Muhammad Teaching Hospital</a>",,,"<a href=""/job/city/Peshawar"">Peshawar</a>",,"<a href=""/jobs/office-assistantjobs-in-muhammad-teaching-hospital_396401"" target=""_blank"">Office Assistant</a>"
"<a id=""company_sub_link"" href=""/company/hr-outsourcing-consulting-private-limited_34271"" target=""_blank"">Hr Outsourcing &amp; Consulting Private Limited</a>",,,"<a href=""/job/city/Nowshera"">Nowshera</a>",,"<a href=""/jobs/security-guardjobs-in-hr-outsourcing-consulting-private-limited_396390"" target=""_blank"">Security Guard</a>"
"<a id=""company_sub_link"" href=""/company/pakistan-based-company_2237"" target=""_blank"">Pakistan Based Company</a>",,,"<a href=""/job/city/Peshawar"">Peshawar</a>",,"<a href=""/jobs/accountantjobs-in-pakistan-based-company_396391"" target=""_blank"">Accountant</a>"
"<a id=""company_sub_link"" href=""/company/pakistan-based-company_2237"" target=""_blank"">Pakistan Based Company</a>",,,"<a href=""/job/city/Islamabad"">Islamabad</a>",,"<a href=""/jobs/assistant-media-officerjobs-in-pakistan-based-company_396402"" target=""_blank"">Assistant Media Officer</a>"
"<a id=""company_sub_link"" href=""/company/pakistan-based-company_2237"" target=""_blank"">Pakistan Based Company</a>",,,"<a href=""/job/city/Islamabad"">Islamabad</a>",,"<a href=""/jobs/assistant-private-secretaryjobs-in-pakistan-based-company_396403"" target=""_blank"">Assistant Private Secretary</a>"
"<a id=""company_sub_link"" href=""/company/armed-forces-institute-of-urology_23324"" target=""_blank"">Armed Forces Institute Of Urology</a>",,,"<a href=""/job/city/Lahore"">Lahore</a>",,"<a href=""/jobs/cookjobs-in-armed-forces-institute-of-urology_396388"" target=""_blank"">Cook</a>"
"<a id=""company_sub_link"" href=""/company/first-women-bank-limited_1"" target=""_blank"">First Women Bank Limited</a>",,,"<a href=""/job/city/Karachi"">Karachi</a>",,"<a href=""/jobs/head-operationsjobs-in-first-women-bank-limited_396389"" target=""_blank"">Head Operations</a>"
"<a id=""company_sub_link"" href=""/company/military-engineer-services_3046"" target=""_blank"">Military Engineer Services</a>",,,"<a href=""/job/city/Rawalpindi"">Rawalpindi</a>",,"<a href=""/jobs/staffjobs-in-military-engineer-services_396386"" target=""_blank"">Staff</a>"
"<a id=""company_sub_link"" href=""/company/allied-school_15382"" target=""_blank"">Allied School</a>",,,"<a href=""/job/city/Peshawar"">Peshawar</a>",,"<a href=""/jobs/subject-teacherjobs-in-allied-school_396382"" target=""_blank"">Subject Teacher</a>"
"<a id=""company_sub_link"" href=""/company/aror-university-of-art-architecture-design-heritage_33207"" target=""_blank"">Aror University Of Art Architecture Design &amp; Heritage</a>",,,"<a href=""/job/city/Sukkur"">Sukkur</a>",,"<a href=""/jobs/gardenerjobs-in-aror-university-of-art-architecture-design-heritage_396381"" target=""_blank"">Gardener</a>"
"<a id=""company_sub_link"" href=""/company/bolan-medical-complex-hospital_290"" target=""_blank"">Bolan Medical Complex Hospital</a>",,,"<a href=""/job/city/Islamabad"">Islamabad</a>",,"<a href=""/jobs/house-jobjobs-in-bolan-medical-complex-hospital_396271"" target=""_blank"">House Job</a>"
"<a id=""company_sub_link"" href=""/company/elite-engineering-private-limited_19731"" target=""_blank"">Elite Engineering Private Limited</a>",,,"<a href=""/job/city/Peshawar"">Peshawar</a>",,"<a href=""/jobs/senior-planning-engineerjobs-in-elite-engineering-private-limited_396262"" target=""_blank"">Senior Planning Engineer</a>"
"<a id=""company_sub_link"" href=""/company/the-bank-of-khyber_16140"" target=""_blank"">The Bank Of Khyber</a>",,,"<a href=""/job/city/Peshawar"">Peshawar</a>",,"<a href=""/jobs/relationship-managerjobs-in-the-bank-of-khyber_396267"" target=""_blank"">Relationship Manager</a>"
"<a id=""company_sub_link"" href=""/company/the-bank-of-khyber_16140"" target=""_blank"">The Bank Of Khyber</a>",,,"<a href=""/job/city/Peshawar"">Peshawar</a>",,"<a href=""/jobs/software-developerjobs-in-the-bank-of-khyber_396268"" target=""_blank"">Software Developer</a>"
"<a id=""company_sub_link"" href=""/company/the-bank-of-khyber_16140"" target=""_blank"">The Bank Of Khyber</a>",,,"<a href=""/job/city/Peshawar"">Peshawar</a>",,"<a href=""/jobs/relationship-managerjobs-in-the-bank-of-khyber_396273"" target=""_blank"">Relationship Manager</a>"
"<a id=""company_sub_link"" href=""/company/the-bank-of-khyber_16140"" target=""_blank"">The Bank Of Khyber</a>",,,"<a href=""/job/city/Peshawar"">Peshawar</a>",,"<a href=""/jobs/software-developerjobs-in-the-bank-of-khyber_396274"" target=""_blank"">Software Developer</a>"
"<a id=""company_sub_link"" href=""/company/simply-sufi_9865"" target=""_blank"">Simply Sufi</a>",,,"<a href=""/job/city/Lahore"">Lahore</a>",,"<a href=""/jobs/electrical-engineerjobs-in-simply-sufi_396269"" target=""_blank"">Electrical Engineer</a>"
"<a id=""company_sub_link"" href=""/company/bahria-university-medical-dental-college_10781"" target=""_blank"">Bahria University Medical &amp; Dental College</a>",,,"<a href=""/job/city/Islamabad"">Islamabad</a>",,"<a href=""/jobs/deanjobs-in-bahria-university-medical-dental-college_396270"" target=""_blank"">Dean</a>"
"<a id=""company_sub_link"" href=""/company/pakistan-based-company_2237"" target=""_blank"">Pakistan Based Company</a>",,,"<a href=""/job/city/Islamabad"">Islamabad</a>",,"<a href=""/jobs/sales-marketing-managerjobs-in-pakistan-based-company_396272"" target=""_blank"">Sales &amp; Marketing Manager</a>"
"<a id=""company_sub_link"" href=""/company/fico-hi-tech-pvt-limited_2437"" target=""_blank"">Fico Hi Tech Pvt Limited</a>",,,"<a href=""/job/city/Gujranwala"">Gujranwala</a>",,"<a href=""/jobs/accountantjobs-in-fico-hi-tech-pvt-limited_396263"" target=""_blank"">Accountant</a>"
"<a id=""company_sub_link"" href=""/company/fico-hi-tech-pvt-limited_2437"" target=""_blank"">Fico Hi Tech Pvt Limited</a>",,,"<a href=""/job/city/Gujranwala"">Gujranwala</a>",,"<a href=""/jobs/data-entry-operatorjobs-in-fico-hi-tech-pvt-limited_396264"" target=""_blank"">Data Entry Operator</a>"
"<a id=""company_sub_link"" href=""/company/pharmaceutical-company_2329"" target=""_blank"">Pharmaceutical Company</a>",,,"<a href=""/job/city/Lahore"">Lahore</a>",,"<a href=""/jobs/production-interneejobs-in-pharmaceutical-company_396265"" target=""_blank"">Production Internee</a>"
"<a id=""company_sub_link"" href=""/company/pharmaceutical-company_2329"" target=""_blank"">Pharmaceutical Company</a>",,,"<a href=""/job/city/Lahore"">Lahore</a>",,"<a href=""/jobs/production-interneejobs-in-pharmaceutical-company_396276"" target=""_blank"">Production Internee</a>"
"<a id=""company_sub_link"" href=""/company/world-wildlife-fund-pakistan_20078"" target=""_blank"">World Wildlife Fund Pakistan</a>",,,"<a href=""/job/city/Multan"">Multan</a>",,"<a href=""/jobs/driverjobs-in-world-wildlife-fund-pakistan_396266"" target=""_blank"">Driver</a>"
"<a id=""company_sub_link"" href=""/company/world-wildlife-fund-pakistan_20078"" target=""_blank"">World Wildlife Fund Pakistan</a>",,,"<a href=""/job/city/Multan"">Multan</a>",,"<a href=""/jobs/driverjobs-in-world-wildlife-fund-pakistan_396275"" target=""_blank"">Driver</a>"
"<a id=""company_sub_link"" href=""/company/niazi-medical-dental-college_5499"" target=""_blank"">Niazi Medical &amp; Dental College</a>",,,"<a href=""/job/city/Sargodha"">Sargodha</a>",,"<a href=""/jobs/medical-superintendentjobs-in-niazi-medical-dental-college_396277"" target=""_blank"">Medical Superintendent</a>"
"<a id=""company_sub_link"" href=""/company/alkhidmat-raazi-hospital_24685"" target=""_blank"">AlKhidmat Raazi Hospital</a>",,,"<a href=""/job/city/Rawalpindi"">Rawalpindi</a>",,"<a href=""/jobs/medical-officerjobs-in-alkhidmat-raazi-hospital_396355"" target=""_blank"">Medical Officer</a>"
"<a id=""company_sub_link"" href=""/company/alkhidmat-raazi-hospital_24685"" target=""_blank"">AlKhidmat Raazi Hospital</a>",,,"<a href=""/job/city/Rawalpindi"">Rawalpindi</a>",,"<a href=""/jobs/ot-inchargejobs-in-alkhidmat-raazi-hospital_396356"" target=""_blank"">Ot Incharge</a>"
"<a id=""company_sub_link"" href=""/company/fisheries-development-board_13830"" target=""_blank"">Fisheries Development Board</a>",,,"<a href=""/job/city/Islamabad"">Islamabad</a>",,"<a href=""/jobs/chief-executive-officerjobs-in-fisheries-development-board_396328"" target=""_blank"">Chief Executive Officer</a>"
"<a id=""company_sub_link"" href=""/company/damas-multinational-company_2325"" target=""_blank"">Damas Multinational Company</a>",,,"<a href=""/job/city/Lahore"">Lahore</a>",,"<a href=""/jobs/sales-executive-exports-importsjobs-in-damas-multinational-company_396377"" target=""_blank"">Sales Executive Exports &amp; Imports</a>"
"<a id=""company_sub_link"" href=""/company/educational-institute_22275"" target=""_blank"">Educational Institute</a>",,,"<a href=""/job/city/Lahore"">Lahore</a>",,"<a href=""/jobs/it-development-officerjobs-in-educational-institute_396256"" target=""_blank"">It &amp; Development Officer</a>"
"<a id=""company_sub_link"" href=""/company/frontier-corps-public-school_8745"" target=""_blank"">Frontier Corps Public School</a>",,,"<a href=""/job/city/Peshawar"">Peshawar</a>",,"<a href=""/jobs/biomedical-engineerjobs-in-frontier-corps-public-school_396288"" target=""_blank"">Biomedical Engineer</a>"
"<a id=""company_sub_link"" href=""/company/frontier-corps-public-school_8745"" target=""_blank"">Frontier Corps Public School</a>",,,"<a href=""/job/city/Peshawar"">Peshawar</a>",,"<a href=""/jobs/staff-nursejobs-in-frontier-corps-public-school_396289"" target=""_blank"">Staff Nurse</a>"
"<a id=""company_sub_link"" href=""/company/institute-of-research-advanced-studies-of-pharmacy_32479"" target=""_blank"">Institute of Research &amp; Advanced Studies Of Pharmacy</a>",,,"<a href=""/job/city/Multan"">Multan</a>",,"<a href=""/jobs/admin-officerjobs-in-institute-of-research-advanced-studies-of-pharmacy_396338"" target=""_blank"">Admin Officer</a>"
"<a id=""company_sub_link"" href=""/company/institute-of-research-advanced-studies-of-pharmacy_32479"" target=""_blank"">Institute of Research &amp; Advanced Studies Of Pharmacy</a>",,,"<a href=""/job/city/Multan"">Multan</a>",,"<a href=""/jobs/accountantjobs-in-institute-of-research-advanced-studies-of-pharmacy_396339"" target=""_blank"">Accountant</a>"
"<a id=""company_sub_link"" href=""/company/institute-of-research-advanced-studies-of-pharmacy_32479"" target=""_blank"">Institute of Research &amp; Advanced Studies Of Pharmacy</a>",,,"<a href=""/job/city/Multan"">Multan</a>",,"<a href=""/jobs/assistant-librarianjobs-in-institute-of-research-advanced-studies-of-pharmacy_396340"" target=""_blank"">Assistant Librarian</a>"
"<a id=""company_sub_link"" href=""/company/iqra-army-public-school-college_2864"" target=""_blank"">Iqra Army Public School &amp; College</a>",,,"<a href=""/job/city/Quetta"">Quetta</a>",,"<a href=""/jobs/emotional-health-coordinatorjobs-in-iqra-army-public-school-college_396312"" target=""_blank"">Emotional Health Coordinator</a>"
"<a id=""company_sub_link"" href=""/company/hameed-latif-hospital-lahore_2079"" target=""_blank"">Hameed Latif Hospital Lahore</a>",,,"<a href=""/job/city/Lahore"">Lahore</a>",,"<a href=""/jobs/senior-registrarjobs-in-hameed-latif-hospital-lahore_396350"" target=""_blank"">Senior Registrar</a>"
"<a id=""company_sub_link"" href=""/company/caa-model-schools-college_19591"" target=""_blank"">Caa Model Schools &amp; College</a>",,,"<a href=""/job/city/Karachi"">Karachi</a>",,"<a href=""/jobs/principaljobs-in-caa-model-schools-college_396337"" target=""_blank"">Principal</a>"
"<a id=""company_sub_link"" href=""/company/emaarat-holding-group_34294"" target=""_blank"">Emaarat Holding Group</a>",,,"<a href=""/job/city/Lahore"">Lahore</a>",,"<a href=""/jobs/assistant-managerjobs-in-emaarat-holding-group_396349"" target=""_blank"">Assistant Manager</a>"
"<a id=""company_sub_link"" href=""/company/chaudhry-pervaiz-elahi-institute-of-cardiology_2846"" target=""_blank"">Chaudhry Pervaiz Elahi Institute Of Cardiology</a>",,,"<a href=""/job/city/Lahore"">Lahore</a>",,"<a href=""/jobs/mechanical-foremanjobs-in-chaudhry-pervaiz-elahi-institute-of-cardiology_396327"" target=""_blank"">Mechanical Foreman</a>"
"<a id=""company_sub_link"" href=""/company/pakistani-school-ajman_21591"" target=""_blank"">Pakistani School Ajman</a>",,,"<a href=""/job/city/Lahore"">Lahore</a>",,"<a href=""/jobs/academic-coordinatorjobs-in-pakistani-school-ajman_396300"" target=""_blank"">Academic Coordinator</a>"
"<a id=""company_sub_link"" href=""/company/pakistani-school-ajman_21591"" target=""_blank"">Pakistani School Ajman</a>",,,"<a href=""/job/city/Lahore"">Lahore</a>",,"<a href=""/jobs/academic-coordinatorjobs-in-pakistani-school-ajman_396304"" target=""_blank"">Academic Coordinator</a>"
"<a id=""company_sub_link"" href=""/company/industrial-group_2284"" target=""_blank"">Industrial Group</a>",,,"<a href=""/job/city/Lahore"">Lahore</a>",,"<a href=""/jobs/tax-officerjobs-in-industrial-group_396368"" target=""_blank"">Tax Officer</a>"
"<a id=""company_sub_link"" href=""/company/bahria-foundation-college_8720"" target=""_blank"">Bahria Foundation College</a>",,,"<a href=""/job/city/Rawalpindi"">Rawalpindi</a>",,"<a href=""/jobs/principaljobs-in-bahria-foundation-college_396343"" target=""_blank"">Principal</a>"
"<a id=""company_sub_link"" href=""/company/frontier-corps-public-school_8745"" target=""_blank"">Frontier Corps Public School</a>",,,"<a href=""/job/city/Peshawar"">Peshawar</a>",,"<a href=""/jobs/echo-technicianjobs-in-frontier-corps-public-school_396351"" target=""_blank"">Echo Technician</a>"
"<a id=""company_sub_link"" href=""/company/frontier-corps-public-school_8745"" target=""_blank"">Frontier Corps Public School</a>",,,"<a href=""/job/city/Peshawar"">Peshawar</a>",,"<a href=""/jobs/superintendentjobs-in-frontier-corps-public-school_396352"" target=""_blank"">Superintendent</a>"
"<a id=""company_sub_link"" href=""/company/human-resource-solutions-international_29130"" target=""_blank"">Human Resource Solutions International</a>",,,"<a href=""/job/city/Karachi"">Karachi</a>",,"<a href=""/jobs/middle-managementjobs-in-human-resource-solutions-international_396348"" target=""_blank"">Middle Management</a>"
"<a id=""company_sub_link"" href=""/company/anglo-arabic-higher-secondary-school-rawalpindi_1398"" target=""_blank"">Anglo Arabic Higher Secondary School Rawalpindi</a>",,,"<a href=""/job/city/Rawalpindi"">Rawalpindi</a>",,"<a href=""/jobs/admin-coordinatorjobs-in-anglo-arabic-higher-secondary-school-rawalpindi_396333"" target=""_blank"">Admin Coordinator</a>"
"<a id=""company_sub_link"" href=""/company/employees-cooperative-housing-society-gujranwala_540"" target=""_blank"">Employees Cooperative Housing Society Gujranwala</a>",,,"<a href=""/job/city/Multan"">Multan</a>",,"<a href=""/jobs/personal-guardjobs-in-employees-cooperative-housing-society-gujranwala_396369"" target=""_blank"">Personal Guard</a>"
"<a id=""company_sub_link"" href=""/company/employees-cooperative-housing-society-gujranwala_540"" target=""_blank"">Employees Cooperative Housing Society Gujranwala</a>",,,"<a href=""/job/city/Multan"">Multan</a>",,"<a href=""/jobs/personal-guardjobs-in-employees-cooperative-housing-society-gujranwala_396370"" target=""_blank"">Personal Guard</a>"
"<a id=""company_sub_link"" href=""/company/sui-southern-gas-company-limited_3241"" target=""_blank"">Sui Southern Gas Company Limited</a>",,,"<a href=""/job/city/Karachi"">Karachi</a>",,"<a href=""/jobs/junior-inspectorjobs-in-sui-southern-gas-company-limited_396335"" target=""_blank"">Junior Inspector</a>"
"<a id=""company_sub_link"" href=""/company/pakistan-based-company_2237"" target=""_blank"">Pakistan Based Company</a>",,,"<a href=""/job/city/Karachi"">Karachi</a>",,"<a href=""/jobs/insurance-coordinatorjobs-in-pakistan-based-company_396373"" target=""_blank"">Insurance Coordinator</a>"
"<a id=""company_sub_link"" href=""/company/pakistan-based-company_2237"" target=""_blank"">Pakistan Based Company</a>",,,"<a href=""/job/city/Karachi"">Karachi</a>",,"<a href=""/jobs/insurance-coordinatorjobs-in-pakistan-based-company_396374"" target=""_blank"">Insurance Coordinator</a>"
"<a id=""company_sub_link"" href=""/company/pakistan-based-company_2237"" target=""_blank"">Pakistan Based Company</a>",,,"<a href=""/job/city/Islamabad"">Islamabad</a>",,"<a href=""/jobs/security-guardjobs-in-pakistan-based-company_396257"" target=""_blank"">Security Guard</a>"
"<a id=""company_sub_link"" href=""/company/real-estate-marketing-company_2152"" target=""_blank"">Real Estate Marketing Company</a>",,,"<a href=""/job/city/Lahore"">Lahore</a>",,"<a href=""/jobs/call-center-executivejobs-in-real-estate-marketing-company_396345"" target=""_blank"">Call Center Executive</a>"
"<a id=""company_sub_link"" href=""/company/real-estate-marketing-company_2152"" target=""_blank"">Real Estate Marketing Company</a>",,,"<a href=""/job/city/Lahore"">Lahore</a>",,"<a href=""/jobs/graphic-designerjobs-in-real-estate-marketing-company_396346"" target=""_blank"">Graphic Designer</a>"
"<a id=""company_sub_link"" href=""/company/raza-associates_27680"" target=""_blank"">Raza &amp; Associates</a>",,,"<a href=""/job/city/Lahore"">Lahore</a>",,"<a href=""/jobs/office-executivejobs-in-raza-associates_396371"" target=""_blank"">Office Executive</a>"
"<a id=""company_sub_link"" href=""/company/raza-associates_27680"" target=""_blank"">Raza &amp; Associates</a>",,,"<a href=""/job/city/Lahore"">Lahore</a>",,"<a href=""/jobs/accounts-executivejobs-in-raza-associates_396372"" target=""_blank"">Accounts Executive</a>"
"<a id=""company_sub_link"" href=""/company/allied-school_15382"" target=""_blank"">Allied School</a>",,,"<a href=""/job/city/Lahore"">Lahore</a>",,"<a href=""/jobs/teacherjobs-in-allied-school_396347"" target=""_blank"">Teacher</a>"
"<a id=""company_sub_link"" href=""/company/armed-forces-institute-of-cardiology-national-institute-of-heart-diseases_7069"" target=""_blank"">Armed Forces Institute Of Cardiology &amp; National Institute Of Heart Diseases</a>",,,"<a href=""/job/city/Rawalpindi"">Rawalpindi</a>",,"<a href=""/jobs/cookjobs-in-armed-forces-institute-of-cardiology-national-institute-of-heart-diseases_396341"" target=""_blank"">Cook</a>"
"<a id=""company_sub_link"" href=""/company/armed-forces-institute-of-cardiology-national-institute-of-heart-diseases_7069"" target=""_blank"">Armed Forces Institute Of Cardiology &amp; National Institute Of Heart Diseases</a>",,,"<a href=""/job/city/Rawalpindi"">Rawalpindi</a>",,"<a href=""/jobs/chowkidarjobs-in-armed-forces-institute-of-cardiology-national-institute-of-heart-diseases_396342"" target=""_blank"">Chowkidar</a>"
"<a id=""company_sub_link"" href=""/company/pakistan-based-company_2237"" target=""_blank"">Pakistan Based Company</a>",,,"<a href=""/job/city/Lahore"">Lahore</a>",,"<a href=""/jobs/chefjobs-in-pakistan-based-company_396344"" target=""_blank"">Chef</a>"
"<a id=""company_sub_link"" href=""/company/iqra-army-public-school-college_2864"" target=""_blank"">Iqra Army Public School &amp; College</a>",,,"<a href=""/job/city/Rawalpindi"">Rawalpindi</a>",,"<a href=""/jobs/teacherjobs-in-iqra-army-public-school-college_396330"" target=""_blank"">Teacher</a>"
"<a id=""company_sub_link"" href=""/company/iqra-army-public-school-college_2864"" target=""_blank"">Iqra Army Public School &amp; College</a>",,,"<a href=""/job/city/Rawalpindi"">Rawalpindi</a>",,"<a href=""/jobs/teacherjobs-in-iqra-army-public-school-college_396336"" target=""_blank"">Teacher</a>"
"<a id=""company_sub_link"" href=""/company/efa-school-system_10324"" target=""_blank"">Efa School System</a>",,,"<a href=""/job/city/Chaman"">Chaman</a>",,"<a href=""/jobs/teacherjobs-in-efa-school-system_396366"" target=""_blank"">Teacher</a>"
"<a id=""company_sub_link"" href=""/company/efa-school-system_10324"" target=""_blank"">Efa School System</a>",,,"<a href=""/job/city/Chaman"">Chaman</a>",,"<a href=""/jobs/teacherjobs-in-efa-school-system_396367"" target=""_blank"">Teacher</a>"
"<a id=""company_sub_link"" href=""/company/kohinoor-mills-limited_14115"" target=""_blank"">Kohinoor Mills Limited</a>",,,"<a href=""/job/city/Lahore"">Lahore</a>",,"<a href=""/jobs/security-supervisorjobs-in-kohinoor-mills-limited_396359"" target=""_blank"">Security Supervisor</a>"
"<a id=""company_sub_link"" href=""/company/imperial-developers-builders-pvt-ltd_14877"" target=""_blank"">Imperial Developers &amp; Builders Pvt Ltd</a>",,,"<a href=""/job/city/Karachi"">Karachi</a>",,"<a href=""/jobs/general-manager-facilitationjobs-in-imperial-developers-builders-pvt-ltd_396361"" target=""_blank"">General Manager Facilitation</a>"
"<a id=""company_sub_link"" href=""/company/imperial-developers-builders-pvt-ltd_14877"" target=""_blank"">Imperial Developers &amp; Builders Pvt Ltd</a>",,,"<a href=""/job/city/Karachi"">Karachi</a>",,"<a href=""/jobs/incharge-mechanicaljobs-in-imperial-developers-builders-pvt-ltd_396362"" target=""_blank"">Incharge Mechanical</a>"
"<a id=""company_sub_link"" href=""/company/central-park-medical-college-lahore_1639"" target=""_blank"">Central Park Medical College Lahore</a>",,,"<a href=""/job/city/Lahore"">Lahore</a>",,"<a href=""/jobs/senior-registrarjobs-in-central-park-medical-college-lahore_396296"" target=""_blank"">Senior Registrar</a>"
"<a id=""company_sub_link"" href=""/company/central-park-medical-college-lahore_1639"" target=""_blank"">Central Park Medical College Lahore</a>",,,"<a href=""/job/city/Lahore"">Lahore</a>",,"<a href=""/jobs/demonstratorjobs-in-central-park-medical-college-lahore_396297"" target=""_blank"">Demonstrator</a>"
"<a id=""company_sub_link"" href=""/company/evacuee-trust-property-board_2597"" target=""_blank"">Evacuee Trust Property Board</a>",,,"<a href=""/job/city/Lahore"">Lahore</a>",,"<a href=""/jobs/tourism-facilitation-officerjobs-in-evacuee-trust-property-board_396311"" target=""_blank"">Tourism Facilitation Officer</a>"
"<a id=""company_sub_link"" href=""/company/pakistan-based-company_2237"" target=""_blank"">Pakistan Based Company</a>",,,"<a href=""/job/city/Lahore"">Lahore</a>",,"<a href=""/jobs/seo-content-writerjobs-in-pakistan-based-company_396364"" target=""_blank"">Seo Content Writer</a>"
"<a id=""company_sub_link"" href=""/company/islamabad-based-company_1778"" target=""_blank"">Islamabad Based Company</a>",,,"<a href=""/job/city/Lahore"">Lahore</a>",,"<a href=""/jobs/executive-receivablejobs-in-islamabad-based-company_396334"" target=""_blank"">Executive Receivable</a>"
"<a id=""company_sub_link"" href=""/company/pakistan-based-company_2237"" target=""_blank"">Pakistan Based Company</a>",,,"<a href=""/job/city/Lahore"">Lahore</a>",,"<a href=""/jobs/supervisorjobs-in-pakistan-based-company_396332"" target=""_blank"">Supervisor</a>"
"<a id=""company_sub_link"" href=""/company/pakistan-based-company_2237"" target=""_blank"">Pakistan Based Company</a>",,,"<a href=""/job/city/Karachi"">Karachi</a>",,"<a href=""/jobs/accounts-assistantjobs-in-pakistan-based-company_396331"" target=""_blank"">Accounts Assistant</a>"
"<a id=""company_sub_link"" href=""/company/wusat-developers-private-limited_33725"" target=""_blank"">Wusat Developers Private Limited</a>",,,"<a href=""/job/city/Islamabad"">Islamabad</a>",,"<a href=""/jobs/chief-executive-officerjobs-in-wusat-developers-private-limited_396329"" target=""_blank"">Chief Executive Officer</a>"
"<a id=""company_sub_link"" href=""/company/capital-development-authority_15065"" target=""_blank"">Capital Development Authority</a>",,,"<a href=""/job/city/Islamabad"">Islamabad</a>",,"<a href=""/jobs/driverjobs-in-capital-development-authority_396279"" target=""_blank"">Driver</a>"
"<a id=""company_sub_link"" href=""/company/capital-development-authority_15065"" target=""_blank"">Capital Development Authority</a>",,,"<a href=""/job/city/Islamabad"">Islamabad</a>",,"<a href=""/jobs/naib-qasidjobs-in-capital-development-authority_396280"" target=""_blank"">Naib Qasid</a>"
"<a id=""company_sub_link"" href=""/company/capital-development-authority_15065"" target=""_blank"">Capital Development Authority</a>",,,"<a href=""/job/city/Islamabad"">Islamabad</a>",,"<a href=""/jobs/driverjobs-in-capital-development-authority_396283"" target=""_blank"">Driver</a>"
"<a id=""company_sub_link"" href=""/company/capital-development-authority_15065"" target=""_blank"">Capital Development Authority</a>",,,"<a href=""/job/city/Islamabad"">Islamabad</a>",,"<a href=""/jobs/naib-qasidjobs-in-capital-development-authority_396284"" target=""_blank"">Naib Qasid</a>"
"<a id=""company_sub_link"" href=""/company/mehran-degree-college_19878"" target=""_blank"">Mehran Degree College</a>",,,"<a href=""/job/city/Islamabad"">Islamabad</a>",,"<a href=""/jobs/faculty-staffjobs-in-mehran-degree-college_396278"" target=""_blank"">Faculty Staff</a>"
"<a id=""company_sub_link"" href=""/company/central-park-medical-college-lahore_1639"" target=""_blank"">Central Park Medical College Lahore</a>",,,"<a href=""/job/city/Lahore"">Lahore</a>",,"<a href=""/jobs/associate-professorjobs-in-central-park-medical-college-lahore_396324"" target=""_blank"">Associate Professor</a>"
"<a id=""company_sub_link"" href=""/company/central-park-medical-college-lahore_1639"" target=""_blank"">Central Park Medical College Lahore</a>",,,"<a href=""/job/city/Lahore"">Lahore</a>",,"<a href=""/jobs/assistant-professorjobs-in-central-park-medical-college-lahore_396325"" target=""_blank"">Assistant Professor</a>"
"<a id=""company_sub_link"" href=""/company/sui-southern-gas-company-limited_3241"" target=""_blank"">Sui Southern Gas Company Limited</a>",,,"<a href=""/job/city/Karachi"">Karachi</a>",,"<a href=""/jobs/senior-engineer-assistant-integrityjobs-in-sui-southern-gas-company-limited_396281"" target=""_blank"">Senior Engineer Assistant Integrity</a>"
"<a id=""company_sub_link"" href=""/company/sui-southern-gas-company-limited_3241"" target=""_blank"">Sui Southern Gas Company Limited</a>",,,"<a href=""/job/city/Karachi"">Karachi</a>",,"<a href=""/jobs/assistant-integrity-engineerjobs-in-sui-southern-gas-company-limited_396282"" target=""_blank"">Assistant Integrity Engineer</a>"
"<a id=""company_sub_link"" href=""/company/ma-tech_32805"" target=""_blank"">Ma Tech</a>",,,"<a href=""/job/city/Lahore"">Lahore</a>",,"<a href=""/jobs/senior-sales-executivejobs-in-ma-tech_396323"" target=""_blank"">Senior Sales Executive</a>"
"<a id=""company_sub_link"" href=""/company/pakistan-army_15145"" target=""_blank"">Pakistan Army</a>",,,"<a href=""/job/city/Muzaffarabad"">Muzaffarabad</a>",,"<a href=""/jobs/mess-waiterjobs-in-pakistan-army_396378"" target=""_blank"">Mess Waiter</a>"
"<a id=""company_sub_link"" href=""/company/public-sector-organization_10314"" target=""_blank"">Public Sector Organization</a>",,,"<a href=""/job/city/Islamabad"">Islamabad</a>",,"<a href=""/jobs/senior-caretakerjobs-in-public-sector-organization_396298"" target=""_blank"">Senior Caretaker</a>"
"<a id=""company_sub_link"" href=""/company/public-sector-organization_10314"" target=""_blank"">Public Sector Organization</a>",,,"<a href=""/job/city/Islamabad"">Islamabad</a>",,"<a href=""/jobs/senior-caretakerjobs-in-public-sector-organization_396305"" target=""_blank"">Senior Caretaker</a>"
"<a id=""company_sub_link"" href=""/company/al-shaukat-medical-center-pakistan_1381"" target=""_blank"">Al Shaukat Medical Center Pakistan</a>",,,"<a href=""/job/city/Karachi"">Karachi</a>",,"<a href=""/jobs/medical-operations-supervisorjobs-in-al-shaukat-medical-center-pakistan_396326"" target=""_blank"">Medical Operations Supervisor</a>"
"<a id=""company_sub_link"" href=""/company/fatima-memorial-hospital-college-of-medicine-dentistry_9471"" target=""_blank"">Fatima Memorial Hospital College Of Medicine &amp; Dentistry</a>",,,"<a href=""/job/city/Lahore"">Lahore</a>",,"<a href=""/jobs/director-clinical-nursingjobs-in-fatima-memorial-hospital-college-of-medicine-dentistry_396376"" target=""_blank"">Director Clinical Nursing</a>"
"<a id=""company_sub_link"" href=""/company/office-of-the-deputy-commissioner_14414"" target=""_blank"">Office Of The Deputy Commissioner</a>",,,"<a href=""/job/city/Kamber"">Kamber</a>",,"<a href=""/jobs/staffjobs-in-office-of-the-deputy-commissioner_396365"" target=""_blank"">Staff</a>"
"<a id=""company_sub_link"" href=""/company/pakistan-based-company_2237"" target=""_blank"">Pakistan Based Company</a>",,,"<a href=""/job/city/Lahore"">Lahore</a>",,"<a href=""/jobs/sales-executivejobs-in-pakistan-based-company_396320"" target=""_blank"">Sales Executive</a>"
"<a id=""company_sub_link"" href=""/company/pakistan-based-company_2237"" target=""_blank"">Pakistan Based Company</a>",,,"<a href=""/job/city/Lahore"">Lahore</a>",,"<a href=""/jobs/sales-officerjobs-in-pakistan-based-company_396321"" target=""_blank"">Sales Officer</a>"
"<a id=""company_sub_link"" href=""/company/aror-university-of-art-architecture-design-heritage_33207"" target=""_blank"">Aror University Of Art Architecture Design &amp; Heritage</a>",,,"<a href=""/job/city/Sukkur"">Sukkur</a>",,"<a href=""/jobs/medical-officerjobs-in-aror-university-of-art-architecture-design-heritage_396317"" target=""_blank"">Medical Officer</a>"
"<a id=""company_sub_link"" href=""/company/aror-university-of-art-architecture-design-heritage_33207"" target=""_blank"">Aror University Of Art Architecture Design &amp; Heritage</a>",,,"<a href=""/job/city/Sukkur"">Sukkur</a>",,"<a href=""/jobs/student-counselorjobs-in-aror-university-of-art-architecture-design-heritage_396318"" target=""_blank"">Student Counselor</a>"
"<a id=""company_sub_link"" href=""/company/aror-university-of-art-architecture-design-heritage_33207"" target=""_blank"">Aror University Of Art Architecture Design &amp; Heritage</a>",,,"<a href=""/job/city/Sukkur"">Sukkur</a>",,"<a href=""/jobs/assistantjobs-in-aror-university-of-art-architecture-design-heritage_396319"" target=""_blank"">Assistant</a>"
"<a id=""company_sub_link"" href=""/company/pakistan-based-company_2237"" target=""_blank"">Pakistan Based Company</a>",,,"<a href=""/job/city/Multan"">Multan</a>",,"<a href=""/jobs/admin-managerjobs-in-pakistan-based-company_396315"" target=""_blank"">Admin Manager</a>"
"<a id=""company_sub_link"" href=""/company/islamabad-based-company_1778"" target=""_blank"">Islamabad Based Company</a>",,,"<a href=""/job/city/Lahore"">Lahore</a>",,"<a href=""/jobs/erp-executivejobs-in-islamabad-based-company_396316"" target=""_blank"">Erp Executive</a>"
"<a id=""company_sub_link"" href=""/company/efu-life-insurance_30731"" target=""_blank"">Efu Life Insurance</a>",,,"<a href=""/job/city/Lahore"">Lahore</a>",,"<a href=""/jobs/trainee-branch-managerjobs-in-efu-life-insurance_396360"" target=""_blank"">Trainee Branch Manager</a>"
"<a id=""company_sub_link"" href=""/company/imperial-developers-builders-pvt-ltd_14877"" target=""_blank"">Imperial Developers &amp; Builders Pvt Ltd</a>",,,"<a href=""/job/city/Karachi"">Karachi</a>",,"<a href=""/jobs/chiller-operatorjobs-in-imperial-developers-builders-pvt-ltd_396309"" target=""_blank"">Chiller Operator</a>"
"<a id=""company_sub_link"" href=""/company/imperial-developers-builders-pvt-ltd_14877"" target=""_blank"">Imperial Developers &amp; Builders Pvt Ltd</a>",,,"<a href=""/job/city/Karachi"">Karachi</a>",,"<a href=""/jobs/hvac-technicianjobs-in-imperial-developers-builders-pvt-ltd_396310"" target=""_blank"">Hvac Technician</a>"
"<a id=""company_sub_link"" href=""/company/omar-hospital-cardiac-centre_988"" target=""_blank"">Omar Hospital &amp; Cardiac Centre</a>",,,"<a href=""/job/city/Lahore"">Lahore</a>",,"<a href=""/jobs/pharmacy-sales-manjobs-in-omar-hospital-cardiac-centre_396308"" target=""_blank"">Pharmacy Sales Man</a>"
"<a id=""company_sub_link"" href=""/company/gharibwal-cement-limited_13965"" target=""_blank"">Gharibwal Cement Limited</a>",,,"<a href=""/job/city/Chakwal"">Chakwal</a>",,"<a href=""/jobs/security-inspectorjobs-in-gharibwal-cement-limited_396313"" target=""_blank"">Security Inspector</a>"
"<a id=""company_sub_link"" href=""/company/gharibwal-cement-limited_13965"" target=""_blank"">Gharibwal Cement Limited</a>",,,"<a href=""/job/city/Chakwal"">Chakwal</a>",,"<a href=""/jobs/security-supervisorjobs-in-gharibwal-cement-limited_396314"" target=""_blank"">Security Supervisor</a>"
"<a id=""company_sub_link"" href=""/company/iqra-army-public-school-college_2864"" target=""_blank"">Iqra Army Public School &amp; College</a>",,,"<a href=""/job/city/Rawalpindi"">Rawalpindi</a>",,"<a href=""/jobs/female-teacherjobs-in-iqra-army-public-school-college_396261"" target=""_blank"">Female Teacher</a>"
"<a id=""company_sub_link"" href=""/company/employees-cooperative-housing-society-gujranwala_540"" target=""_blank"">Employees Cooperative Housing Society Gujranwala</a>",,,"<a href=""/job/city/Multan"">Multan</a>",,"<a href=""/jobs/security-inchargejobs-in-employees-cooperative-housing-society-gujranwala_396306"" target=""_blank"">Security Incharge</a>"
"<a id=""company_sub_link"" href=""/company/employees-cooperative-housing-society-gujranwala_540"" target=""_blank"">Employees Cooperative Housing Society Gujranwala</a>",,,"<a href=""/job/city/Multan"">Multan</a>",,"<a href=""/jobs/security-supervisorjobs-in-employees-cooperative-housing-society-gujranwala_396307"" target=""_blank"">Security Supervisor</a>"
"<a id=""company_sub_link"" href=""/company/allied-school_15382"" target=""_blank"">Allied School</a>",,,"<a href=""/job/city/Quetta"">Quetta</a>",,"<a href=""/jobs/ayajobs-in-allied-school_396405"" target=""_blank"">Aya</a>"
"<a id=""company_sub_link"" href=""/company/frontier-corps-public-school_8745"" target=""_blank"">Frontier Corps Public School</a>",,,"<a href=""/job/city/Peshawar"">Peshawar</a>",,"<a href=""/jobs/senior-clerkjobs-in-frontier-corps-public-school_396357"" target=""_blank"">Senior Clerk</a>"
"<a id=""company_sub_link"" href=""/company/frontier-corps-public-school_8745"" target=""_blank"">Frontier Corps Public School</a>",,,"<a href=""/job/city/Peshawar"">Peshawar</a>",,"<a href=""/jobs/female-nursejobs-in-frontier-corps-public-school_396358"" target=""_blank"">Female Nurse</a>"
"<a id=""company_sub_link"" href=""/company/pakistan-based-company_2237"" target=""_blank"">Pakistan Based Company</a>",,,"<a href=""/job/city/Lahore"">Lahore</a>",,"<a href=""/jobs/accountantjobs-in-pakistan-based-company_396302"" target=""_blank"">Accountant</a>"
"<a id=""company_sub_link"" href=""/company/pakistan-based-company_2237"" target=""_blank"">Pakistan Based Company</a>",,,"<a href=""/job/city/Lahore"">Lahore</a>",,"<a href=""/jobs/assistant-managerjobs-in-pakistan-based-company_396303"" target=""_blank"">Assistant Manager</a>"
"<a id=""company_sub_link"" href=""/company/first-women-bank-limited_1"" target=""_blank"">First Women Bank Limited</a>",,,"<a href=""/job/city/Karachi"">Karachi</a>",,"<a href=""/jobs/head-componentjobs-in-first-women-bank-limited_396285"" target=""_blank"">Head Component</a>"
"<a id=""company_sub_link"" href=""/company/first-women-bank-limited_1"" target=""_blank"">First Women Bank Limited</a>",,,"<a href=""/job/city/Karachi"">Karachi</a>",,"<a href=""/jobs/unit-headjobs-in-first-women-bank-limited_396286"" target=""_blank"">Unit Head</a>"
"<a id=""company_sub_link"" href=""/company/first-women-bank-limited_1"" target=""_blank"">First Women Bank Limited</a>",,,"<a href=""/job/city/Karachi"">Karachi</a>",,"<a href=""/jobs/pdojobs-in-first-women-bank-limited_396287"" target=""_blank"">Pdo</a>"
"<a id=""company_sub_link"" href=""/company/imperial-developers-builders-pvt-ltd_14877"" target=""_blank"">Imperial Developers &amp; Builders Pvt Ltd</a>",,,"<a href=""/job/city/Karachi"">Karachi</a>",,"<a href=""/jobs/incharge-electricaljobs-in-imperial-developers-builders-pvt-ltd_396290"" target=""_blank"">Incharge Electrical</a>"
"<a id=""company_sub_link"" href=""/company/imperial-developers-builders-pvt-ltd_14877"" target=""_blank"">Imperial Developers &amp; Builders Pvt Ltd</a>",,,"<a href=""/job/city/Karachi"">Karachi</a>",,"<a href=""/jobs/executive-facilitationjobs-in-imperial-developers-builders-pvt-ltd_396291"" target=""_blank"">Executive Facilitation</a>"
"<a id=""company_sub_link"" href=""/company/the-educators_17208"" target=""_blank"">The Educators</a>",,,"<a href=""/job/city/Rawalpindi"">Rawalpindi</a>",,"<a href=""/jobs/teacherjobs-in-the-educators_396260"" target=""_blank"">Teacher</a>"
"<a id=""company_sub_link"" href=""/company/al-shaukat-medical-center-pakistan_1381"" target=""_blank"">Al Shaukat Medical Center Pakistan</a>",,,"<a href=""/job/city/Islamabad"">Islamabad</a>",,"<a href=""/jobs/medical-operations-supervisorjobs-in-al-shaukat-medical-center-pakistan_396301"" target=""_blank"">Medical Operations Supervisor</a>"
"<a id=""company_sub_link"" href=""/company/fatima-memorial-hospital-college-of-medicine-dentistry_9471"" target=""_blank"">Fatima Memorial Hospital College Of Medicine &amp; Dentistry</a>",,,"<a href=""/job/city/Lahore"">Lahore</a>",,"<a href=""/jobs/demonstratorjobs-in-fatima-memorial-hospital-college-of-medicine-dentistry_396299"" target=""_blank"">Demonstrator</a>"
"<a id=""company_sub_link"" href=""/company/public-sector-company_12754"" target=""_blank"">Public Sector Company</a>",,,"<a href=""/job/city/Karachi"">Karachi</a>",,"<a href=""/jobs/office-assistantjobs-in-public-sector-company_396294"" target=""_blank"">Office Assistant</a>"
"<a id=""company_sub_link"" href=""/company/public-sector-company_12754"" target=""_blank"">Public Sector Company</a>",,,"<a href=""/job/city/Karachi"">Karachi</a>",,"<a href=""/jobs/marketing-coordination-officerjobs-in-public-sector-company_396295"" target=""_blank"">Marketing &amp; Coordination Officer</a>"
"<a id=""company_sub_link"" href=""/company/pakistan-based-company_2237"" target=""_blank"">Pakistan Based Company</a>",,,"<a href=""/job/city/Lahore"">Lahore</a>",,"<a href=""/jobs/control-headjobs-in-pakistan-based-company_396258"" target=""_blank"">Control Head</a>"
"<a id=""company_sub_link"" href=""/company/pakistan-based-company_2237"" target=""_blank"">Pakistan Based Company</a>",,,"<a href=""/job/city/Lahore"">Lahore</a>",,"<a href=""/jobs/control-headjobs-in-pakistan-based-company_396259"" target=""_blank"">Control Head</a>"
"<a id=""company_sub_link"" href=""/company/capital-development-authority_15065"" target=""_blank"">Capital Development Authority</a>",,,"<a href=""/job/city/Islamabad"">Islamabad</a>",,"<a href=""/jobs/assistant-accountsjobs-in-capital-development-authority_396171"" target=""_blank"">Assistant Accounts</a>"
"<a id=""company_sub_link"" href=""/company/capital-development-authority_15065"" target=""_blank"">Capital Development Authority</a>",,,"<a href=""/job/city/Islamabad"">Islamabad</a>",,"<a href=""/jobs/junior-computer-operatorjobs-in-capital-development-authority_396172"" target=""_blank"">Junior Computer Operator</a>"
"<a id=""company_sub_link"" href=""/company/heavy-industries-taxila-board_29621"" target=""_blank"">Heavy Industries Taxila Board</a>",,,"<a href=""/job/city/Taxila"">Taxila</a>",,"<a href=""/jobs/dental-officerjobs-in-heavy-industries-taxila-board_396230"" target=""_blank"">Dental Officer</a>"
"<a id=""company_sub_link"" href=""/company/heavy-industries-taxila-board_29621"" target=""_blank"">Heavy Industries Taxila Board</a>",,,"<a href=""/job/city/Taxila"">Taxila</a>",,"<a href=""/jobs/assistant-works-managerjobs-in-heavy-industries-taxila-board_396231"" target=""_blank"">Assistant Works Manager</a>"
"<a id=""company_sub_link"" href=""/company/heavy-industries-taxila-board_29621"" target=""_blank"">Heavy Industries Taxila Board</a>",,,"<a href=""/job/city/Taxila"">Taxila</a>",,"<a href=""/jobs/assistantjobs-in-heavy-industries-taxila-board_396232"" target=""_blank"">Assistant</a>"
"<a id=""company_sub_link"" href=""/company/heavy-industries-taxila-board_29621"" target=""_blank"">Heavy Industries Taxila Board</a>",,,"<a href=""/job/city/Taxila"">Taxila</a>",,"<a href=""/jobs/supervisorjobs-in-heavy-industries-taxila-board_396233"" target=""_blank"">Supervisor</a>"
"<a id=""company_sub_link"" href=""/company/the-bank-of-khyber_16140"" target=""_blank"">The Bank Of Khyber</a>",,,"<a href=""/job/city/Peshawar"">Peshawar</a>",,"<a href=""/jobs/batch-trainee-officerjobs-in-the-bank-of-khyber_396180"" target=""_blank"">Batch Trainee Officer</a>"
"<a id=""company_sub_link"" href=""/company/hr-outsourcing-consulting-private-limited_34271"" target=""_blank"">Hr Outsourcing &amp; Consulting Private Limited</a>",,,"<a href=""/job/city/Nowshera"">Nowshera</a>",,"<a href=""/jobs/security-guardjobs-in-hr-outsourcing-consulting-private-limited_396182"" target=""_blank"">Security Guard</a>"
"<a id=""company_sub_link"" href=""/company/capital-development-authority_15065"" target=""_blank"">Capital Development Authority</a>",,,"<a href=""/job/city/Islamabad"">Islamabad</a>",,"<a href=""/jobs/revenue-officerjobs-in-capital-development-authority_396173"" target=""_blank"">Revenue Officer</a>"
"<a id=""company_sub_link"" href=""/company/capital-development-authority_15065"" target=""_blank"">Capital Development Authority</a>",,,"<a href=""/job/city/Islamabad"">Islamabad</a>",,"<a href=""/jobs/network-assistantjobs-in-capital-development-authority_396174"" target=""_blank"">Network Assistant</a>"
"<a id=""company_sub_link"" href=""/company/heavy-industries-taxila-board_29621"" target=""_blank"">Heavy Industries Taxila Board</a>",,,"<a href=""/job/city/Taxila"">Taxila</a>",,"<a href=""/jobs/senior-specialistjobs-in-heavy-industries-taxila-board_396234"" target=""_blank"">Senior Specialist</a>"
"<a id=""company_sub_link"" href=""/company/heavy-industries-taxila-board_29621"" target=""_blank"">Heavy Industries Taxila Board</a>",,,"<a href=""/job/city/Taxila"">Taxila</a>",,"<a href=""/jobs/specialistjobs-in-heavy-industries-taxila-board_396235"" target=""_blank"">Specialist</a>"
"<a id=""company_sub_link"" href=""/company/allied-school_15382"" target=""_blank"">Allied School</a>",,,"<a href=""/job/city/Peshawar"">Peshawar</a>",,"<a href=""/jobs/teacherjobs-in-allied-school_396183"" target=""_blank"">Teacher</a>"
"<a id=""company_sub_link"" href=""/company/capital-development-authority_15065"" target=""_blank"">Capital Development Authority</a>",,,"<a href=""/job/city/Islamabad"">Islamabad</a>",,"<a href=""/jobs/autocad-operatorjobs-in-capital-development-authority_396175"" target=""_blank"">Autocad Operator</a>"
"<a id=""company_sub_link"" href=""/company/capital-development-authority_15065"" target=""_blank"">Capital Development Authority</a>",,,"<a href=""/job/city/Islamabad"">Islamabad</a>",,"<a href=""/jobs/assistantjobs-in-capital-development-authority_396176"" target=""_blank"">Assistant</a>"
"<a id=""company_sub_link"" href=""/company/the-life-residencia_34313"" target=""_blank"">The Life Residencia</a>",,,"<a href=""/job/city/Islamabad"">Islamabad</a>",,"<a href=""/jobs/project-directorjobs-in-the-life-residencia_396406"" target=""_blank"">Project Director</a>"
"<a id=""company_sub_link"" href=""/company/the-life-residencia_34313"" target=""_blank"">The Life Residencia</a>",,,"<a href=""/job/city/Islamabad"">Islamabad</a>",,"<a href=""/jobs/manager-constructionjobs-in-the-life-residencia_396407"" target=""_blank"">Manager Construction</a>"
"<a id=""company_sub_link"" href=""/company/the-life-residencia_34313"" target=""_blank"">The Life Residencia</a>",,,"<a href=""/job/city/Islamabad"">Islamabad</a>",,"<a href=""/jobs/site-engineerjobs-in-the-life-residencia_396408"" target=""_blank"">Site Engineer</a>"
"<a id=""company_sub_link"" href=""/company/pakistan-army_15145"" target=""_blank"">Pakistan Army</a>",,,"<a href=""/job/city/Gujranwala"">Gujranwala</a>",,"<a href=""/jobs/boat-repairjobs-in-pakistan-army_396379"" target=""_blank"">Boat Repair</a>"
"<a id=""company_sub_link"" href=""/company/fisheries-development-board_13830"" target=""_blank"">Fisheries Development Board</a>",,,"<a href=""/job/city/Islamabad"">Islamabad</a>",,"<a href=""/jobs/chief-executive-officerjobs-in-fisheries-development-board_396380"" target=""_blank"">Chief Executive Officer</a>"
"<a id=""company_sub_link"" href=""/company/lahore-garrison-education-system_13087"" target=""_blank"">Lahore Garrison Education System</a>",,,"<a href=""/job/city/Lahore"">Lahore</a>",,"<a href=""/jobs/principaljobs-in-lahore-garrison-education-system_396158"" target=""_blank"">Principal</a>"
